{
  "serviceName": "MythicalMysfits-Service",
  "cluster": "MythicalMysfitslivedemo-Cluster",
  "launchType": "FARGATE",
  "deploymentConfiguration": {
    "maximumPercent": 200,
    "minimumHealthyPercent": 0
  },
  "desiredCount": 1,
  "networkConfiguration": {
    "awsvpcConfiguration": {
      "assignPublicIp": "DISABLED",
      "securityGroups": [
        "sg-006c6d4204a461c9f"
      ],
      "subnets": [
        "subnet-0534f3095e27d3e1a",
        "subnet-0b9e5d56980ccd7d4"
      ]
    }
  },
  "taskDefinition": "mythicalmysfitsservice",
  "loadBalancers": [
    {
      "containerName": "MythicalMysfits-Service",
      "containerPort": 8080,
      "targetGroupArn": "arn:aws:elasticloadbalancing:us-east-2:141332078835:targetgroup/MythicalMysfitsld-TargetGroup/97b6288f0abc266d"
    }
  ]
}
