{
  "family": "mythicalmysfitsservice",
  "cpu": "256",
  "memory": "512",
  "networkMode": "awsvpc",
  "requiresCompatibilities": [
    "FARGATE"
  ],
  "executionRoleArn": "arn:aws:iam::141332078835:role/MythicalMysfitsLiveDemo-EcsServiceRole-1VSLPI42BBCYI",
  "taskRoleArn": "arn:aws:iam::141332078835:role/MythicalMysfitsLiveDemo-ECSTaskRole-11YKVF7D0SA0",
  "containerDefinitions": [
    {
      "name": "MythicalMysfits-Service",
      "image": "141332078835.dkr.ecr.us-east-2.amazonaws.com/mythicalmysfits/service:latest",
      "portMappings": [
        {
          "containerPort": 8080,
          "protocol": "http"
        }
      ],
      "logConfiguration": {
        "logDriver": "awslogs",
        "options": {
          "awslogs-group": "mythicalmysfits-logs",
          "awslogs-region": "us-east-2",
          "awslogs-stream-prefix": "awslogs-mythicalmysfits-service"
        }
      },
      "essential": true
    }
  ]
}
